{
    "authors": {
        "name": "nivedita velagaleti",
        "url": "https://os.mbed.com/users/niv17/"
    },
    "build": {
        "builder": "MbedLibBuilder"
    },
    "description": "ese 519 include files",
    "examples": [
        "https://os.mbed.com/users/niv17/code/PROJECT_3D_AUDIO/",
        "https://os.mbed.com/teams/ADI_CAC/code/COG4050_adxl355_tilt/",
        "https://os.mbed.com/users/RGurav/code/COG4050_adxl355_tilt/",
        "https://os.mbed.com/users/RGurav/code/COG4050_adxl355_tilt_4050/"
    ],
    "frameworks": "mbed",
    "keywords": [],
    "name": "include",
    "platforms": "*",
    "repository": {
        "type": "hg",
        "url": "https://os.mbed.com/users/niv17/code/include/"
    },
    "version": "0.0.0+sha.5347612e39a3"
}