{
    "authors": {
        "name": "Andrew Lindsay",
        "url": "https://os.mbed.com/users/SomeRandomBloke/"
    },
    "build": {
        "builder": "MbedLibBuilder"
    },
    "description": "Additional font macro",
    "examples": [
        "https://os.mbed.com/users/vladyslavn/code/EspSerial/"
    ],
    "frameworks": "mbed",
    "keywords": [
        "lcd",
        "stm32"
    ],
    "name": "BSP_DISCO_F429ZI",
    "platforms": "*",
    "repository": {
        "type": "hg",
        "url": "https://os.mbed.com/users/SomeRandomBloke/code/BSP_DISCO_F429ZI/"
    },
    "version": "0.0.0+sha.a6fd0931a9e9"
}